<?xml version="1.0" encoding="UTF-8" standalone="yes"?>
<addon id="repository.XBMCHUB" name="XBMCHUB REPO" version="1.0" provider-name="Mikey 1234">
	<extension point="xbmc.addon.repository" name="XBMCHUB Addon Repository">
		<info compressed="false">http://raw.github.com/mikey1234/XBMCHUB/master/addons.xml</info>
		<checksum>http://raw.github.com/mikey1234/XBMCHUB/master/addons.xml.md5</checksum>
		<datadir zip="true">http://raw.github.com/mikey1234/XBMCHUB/master/addons</datadir>
	</extension>
	<extension point="xbmc.addon.metadata">
		<summary>Install XBMCHUB Addons</summary>
		<description>Download and install addons from XBMCHUB.COM</description>
		<platform>all</platform>
	</extension>
</addon>

