﻿<?xml version="1.0" encoding="UTF-8" standalone="yes"?>
<addon id="repository.XBMCHUB" name="XBMCHUB REPO" version="1.0" provider-name="Mikey 1234">
	<extension point="xbmc.addon.repository" name="t0mm0's XBMC Addon Repository">
		<info compressed="false">https://github.com/mikey1234/XBMCHUB/raw/master/addons.xml</info>
		<checksum>https://github.com/mikey1234/XBMCHUB/raw/master/addons.xml.md5</checksum>
		<datadir zip="true">https://github.com/mikey1234/XBMCHUB/raw/master/repo</datadir>
	</extension>
</addon>

