<?xml version="1.0" encoding="UTF-8" standalone="yes"?>
<addon id="plugin.video.FilmOn"
       name="FilmON...XBMCHUB.COM"
       version="1.4d"
       provider-name="Mikey1234">
  <requires>
    <import addon="xbmc.python" version="2.0"/>
  </requires>
  <extension point="xbmc.python.pluginsource"
            library="default.py">
        <provides>video</provides>
  </extension>
  <extension point="xbmc.addon.metadata">
    <summary lang="en">FilmOn</summary>
    <description lang="en">Stream From FilmON.....Official Support....XBMCHUB.COM</description>
    <platform>all</platform>
  </extension>
</addon>
