<?xml version="1.0" encoding="UTF-8" standalone="yes"?>
<addon id="repository.Mikey1234" name="Mikey1234 REPO" version="1.0" provider-name="Mikey1234">
	<extension point="xbmc.addon.repository" name="Mikey1234 Addon Repository">
		<info compressed="false">https://github.com/mikey1234/XBMCHUB/raw/master/addons.xml</info>
		<checksum>https://github.com/mikey1234/XBMCHUB/raw/master/addons.xml.md5</checksum>
		<datadir zip="true">https://github.com/mikey1234/XBMCHUB/tree/master/repo/</datadir>
	</extension>
	<extension point="xbmc.addon.metadata">
		<summary>Install Mikey1234 Addons</summary>
		<description>Download and install addons from Mikey1234</description>
		<platform>all</platform>
	</extension>
</addon>

