<?xml version="1.0" encoding="UTF-8" standalone="yes"?>
<addon id="plugin.video.MikeysKaraoke"
       name="Mikey's Karaoke...XBMCHUB.COM"
       version="1.3"
       provider-name="Mikey1234">
  <requires>
    <import addon="xbmc.python" version="2.0"/>
    <import addon="plugin.video.youtube"/>
  </requires>
  <extension point="xbmc.python.pluginsource"
            library="default.py">
        <provides>video</provides>
  </extension>
  <extension point="xbmc.addon.metadata">
    <summary lang="en">Play Karaoke Videos</summary>
    <description lang="en">Search Karaoke Songs.....Official Support....XBMCHUB.COM</description>
    <platform>all</platform>
  </extension>
</addon>
